"Id";"Designator";"Footprint";"Quantity";"Designation";"Supplier and ref";
1;"C37,CA10,C50";"C_0603_1608Metric_Pad1.08x0.95mm_HandSolder";3;"4.7uF";;;
2;"RA23,RA27,RA17,RA25,RA16,RA15,RA21,RA13,RA11,RA9,R6,RA22";"R_0402_1005Metric_Pad0.72x0.64mm_HandSolder";12;"20K";;;
3;"C71,C55,C52,C60,C137,C123,C132,C130,C129,C136,C66,C24,C117,C128,C124,C126,C75,C69,C54,C133,C61,C127,C121,C74,C125,C122,C22,C64,C131,C134";"C_0402_1005Metric_Pad0.74x0.62mm_HandSolder";30;"10nF";;;
4;"CA3,CA4";"C_0402_1005Metric_Pad0.74x0.62mm_HandSolder";2;"12pF";;;
5;"L13,L11";"L_0402_1005Metric_Pad0.77x0.64mm_HandSolder";2;"330nH";;;
6;"U9,U11,U17";"RT9193-33B";3;"RT9193-33B";;;
7;"V3,V2,V1";"HR02X5V";3;"HR02X5V";;;
8;"J3";"PinHeader_1x03_P2.54mm_Vertical";1;"Conn_01x03_Shielded";;;
9;"C99,C116,C141,C100,C81,C110,C139,C106,C91,C90,C80,C115,C105,C39,C140";"C_0402_1005Metric_Pad0.74x0.62mm_HandSolder";15;"100nF";;;
10;"R36,R34,RA1,R44,RA2,R35,R33,R45";"R_0402_1005Metric_Pad0.72x0.64mm_HandSolder";8;"2.4K";;;
11;"J8";"U.FL_Molex_MCRF_73412-0110_Vertical";1;"73412-0110";;;
12;"R16,R19,R24,R18,R17,R26,R25,R20";"R_0402_1005Metric_Pad0.72x0.64mm_HandSolder";8;"4K7";;;
13;"R14";"R_0402_1005Metric_Pad0.72x0.64mm_HandSolder";1;"15K";;;
14;"TP7,TP2,TP4,TP13,TP6,TP3,TP12,TP1,TP14,TP5,TP10,TP11,TP8,TP9";"TestPoint_Pad_D1.0mm";14;"TestPoint";;;
15;"RA4";"R_0603_1608Metric_Pad0.98x0.95mm_HandSolder";1;"5.1K";;;
16;"C72,C89,C87,C83,C85,C82,CA6,C73,C88,C86,C84,C67,C65,CA5";"C_0402_1005Metric_Pad0.74x0.62mm_HandSolder";14;"18pF";;;
17;"T2,T1,T3,T4";"B0310J50100AHF";4;"B0310J50100AHF";;;
18;"CA8,CA11,C138,C46,CA1,C93,C17,C103,C48,C38,C98,C97,C104,C42,C107,C44,C102,C45,C43,C47,C20,C92,C40,C49,C41,C101";"C_0402_1005Metric_Pad0.74x0.62mm_HandSolder";26;"0.1uF";;;
19;"J5,J6,J4";"PinHeader_2x06_P2.54mm_Vertical";3;"CON12-254";;;
20;"CA9,C34,C32,C59,C33,CA7,C29,C28,C35,C19,CA2,C11,C16,C15,C18,C12,C25,C13,C6";"C_0603_1608Metric_Pad1.08x0.95mm_HandSolder";19;"10uF";;;
21;"J11,J9,J12,J10";"ADAMTECH_RF2-49B-T-00-50-G-HDW";4;"RF2-49B-T-00-50-G-HDW";;;
22;"R29";"Potentiometer_Bourns_3214W_Vertical";1;"50K";;;
23;"H3,H4,H2,H1";"MountingHole_2.5mm_Pad";4;"MountingHole_Pad";;;
24;"C36";"C_0603_1608Metric";1;"10uF";;;
25;"U8,U7,U3";"TCS4615";3;"TCS4615";;;
26;"RA18,RA14,RA12";"R_0402_1005Metric_Pad0.72x0.64mm_HandSolder";3;"1K";;;
27;"C5,C108,C109,C51";"C_0805_2012Metric_Pad1.18x1.45mm_HandSolder";4;"10uF";;;
28;"QA3,QA2,QA1";"HR8031GS6";3;"HR8031GS6";;;
29;"R31,R32";"R_0402_1005Metric_Pad0.72x0.64mm_HandSolder";2;"1R";;;
30;"Q4,Q3";"SOT23 MOSFET FOOT PRINT";2;"~";;;
31;"R30";"R_0402_1005Metric_Pad0.72x0.64mm_HandSolder";1;"ESD";;;
32;"C58,C111,C63,C57,C70,C112,C68,C62,C114,C118,C56";"C_0402_1005Metric_Pad0.74x0.62mm_HandSolder";11;"1uF";;;
33;"J7";"HR911130A_HAN";1;"HR911130A1";;;
34;"RA19,RA20,R1";"R_0402_1005Metric_Pad0.72x0.64mm_HandSolder";3;"33R";;;
35;"D1";"D_SOD-123";1;"SUPK24";;;
36;"R13,RA29,RA28,R39,R42,R40,R46,R41,R43";"R_0402_1005Metric_Pad0.72x0.64mm_HandSolder";9;"4.7K";;;
37;"RA5";"R_0603_1608Metric_Pad0.98x0.95mm_HandSolder";1;"0R";;;
38;"J13";"MOLEX_502570-0893";1;"502570-0893";;;
39;"RA7";"R_0402_1005Metric_Pad0.72x0.64mm_HandSolder";1;"1M";;;
40;"L7,L9,L8,L4,L1";"L_0603_1608Metric_Pad1.05x0.95mm_HandSolder";5;"2.2uH";;;
41;"C53";"C_0805_2012Metric_Pad1.18x1.45mm_HandSolder";1;"0.1uF";;;
42;"D4,D3";"LED_0603_1608Metric_Pad1.05x0.95mm_HandSolder";2;"LED6";;;
43;"U13";"USB3320C-EZK-TR";1;"USB3320C-EZK-TR";;;
44;"U16";"TXS02612RTWR";1;"QFN50P400X400X80-25N";;;
45;"C76,C77,C78,C79";"C_0402_1005Metric_Pad0.74x0.62mm_HandSolder";4;"1nF";;;
46;"CY2";"XTAL_ABM8AIG-25.000MHZ-12-2Z-T3";1;"33.333MHz";;;
47;"Y1";"XTAL_TSX-3225_25.0000MF10P-C0";1;"25MHz";;;
48;"L10";"L_0603_1608Metric_Pad1.05x0.95mm_HandSolder";1;"BLM18PG181SN1";;;
49;"C119,C31,C30,C120,C14,C10";"C_0402_1005Metric_Pad0.74x0.62mm_HandSolder";6;"100pF";;;
50;"C1,C2";"C_1206_3216Metric_Pad1.33x1.80mm_HandSolder";2;"22uF";;;
51;"RA6,R22,R15,R3,R2,R7";"R_0402_1005Metric_Pad0.72x0.64mm_HandSolder";6;"10K";;;
52;"RA3";"R_0603_1608Metric_Pad0.98x0.95mm_HandSolder";1;"4.7K";;;
53;"C4";"C_0805_2012Metric_Pad1.18x1.45mm_HandSolder";1;"22uF";;;
54;"L6";"L_0402_1005Metric_Pad0.77x0.64mm_HandSolder";1;"R0402";;;
55;"J1,J2";"AMPHENOL_10118193-0001LF";2;"10118193-0001LF";;;
56;"U12";"AD9361BBCZ";1;"AD9361BBCZ";;;
57;"C3";"C_0805_2012Metric_Pad1.18x1.45mm_HandSolder";1;"100uF";;;
58;"U18";"H5TQ4G63AFR";1;"H5TQ4G63AFR";;;
59;"D2";"SOT-23-3";1;"SUP5522F";;;
60;"SW1";"SW_DIP_SPSTx02_Slide_6.7x6.64mm_W6.73mm_P2.54mm_LowProfile_JPin";1;"SW_DIP_x02";;;
61;"U14";"XC7Z010-1CLG400I";1;"XC7Z010-1CLG400I";;;
62;"U2";"SY6280AAC";1;"SY6280AAC";;;
63;"U1";"SOP-4_4.4x2.6mm_P1.27mm";1;"TCMT1107";;;
64;"RA24,RA26";"R_0402_1005Metric_Pad0.72x0.64mm_HandSolder";2;"100K";;;
65;"L14,L12";"L_0402_1005Metric_Pad0.77x0.64mm_HandSolder";2;"330nF";;;
66;"Y2";"XTAL_TSX-3225_25.0000MF10P-C0";1;"25MHz ";;;
67;"R12";"R_0402_1005Metric_Pad0.72x0.64mm_HandSolder";1;"3.3K";;;
68;"RA10";"R_0402_1005Metric_Pad0.72x0.64mm_HandSolder";1;"8.06K";;;
69;"U10";"RTL8211E-VB-CG";1;"QFN48_6X6X0P85_RTK";;;
70;"CY1";"XTAL_ASDMB-33.333MHZ-LC-T";1;"ASDMB-33.333MHZ-LC-T";;;
71;"R23";"R_0402_1005Metric_Pad0.72x0.64mm_HandSolder";1;"2.49K%1";;;
72;"U15";"MX25U1635EZNI-10G";1;"MX25U1635EZNI-10G";;;
73;"R21";"R_0402_1005Metric_Pad0.72x0.64mm_HandSolder";1;"1K5";;;
74;"C94,C95,C96,C135,C113";"C_0402_1005Metric_Pad0.74x0.62mm_HandSolder";5;"10uF";;;
75;"R8,R10,R4";"R_0402_1005Metric_Pad0.72x0.64mm_HandSolder";3;"7.5K";;;
76;"R37,R48,R38";"R_0402_1005Metric_Pad0.72x0.64mm_HandSolder";3;"80.5R";;;
77;"Q1,Q2";"SOT-23";2;"S8050";;;
78;"C26,C27,C23,C21";"C_1206_3216Metric_Pad1.33x1.80mm_HandSolder";4;"47uF";;;
79;"R47";"R_0402_1005Metric_Pad0.72x0.64mm_HandSolder";1;"240R";;;
80;"U4";"TCS4615";1;"TCS4615 ";;;
81;"L5,L3";"L_0805_2012Metric_Pad1.05x1.20mm_HandSolder";2;"R0805";;;
82;"R27,R28";"R_0402_1005Metric_Pad0.72x0.64mm_HandSolder";2;"510R R0402 5%";;;
83;"R9,R11";"R_0402_1005Metric_Pad0.72x0.64mm_HandSolder";2;"12K";;;
84;"U6,U5";"TPS7A8101DRBT";2;"TPS7A8101DRBT";;;
85;"C9";"C_0805_2012Metric_Pad1.18x1.45mm_HandSolder";1;"1uF";;;
86;"R5";"R_0402_1005Metric_Pad0.72x0.64mm_HandSolder";1;"2K";;;
87;"L2";"L_0603_1608Metric_Pad1.05x0.95mm_HandSolder";1;"R0603";;;
88;"RA8";"R_0402_1005Metric_Pad0.72x0.64mm_HandSolder";1;"14.3K";;;
89;"C8,C7";"C_1206_3216Metric_Pad1.33x1.80mm_HandSolder";2;"10uF";;;
